commune,population
Affoltern am Albis,"12,303"
Bonstetten,"5,572"
Hausen am Albis,"3,751"
Hedingen,"3,778"
Kappel am Albis,"1,221"
Knonau,"2,378"
Maschwanden,645
Mettmenstetten,"5,200"
Obfelden,"5,721"
Ottenbach,"2,588"
Rifferswil,"1,129"
Stallikon,"3,755"
Wettswil am Albis,"5,240"
Adlikon,698
Benken (ZH),845
Berg am Irchel,577
Buch am Irchel,979
Dachsen,"1,916"
Dorf,658
Feuerthalen,"3,614"
Flaach,"1,420"
Flurlingen,"1,477"
Andelfingen,"2,247"
Henggart,"2,234"
Humlikon,485
Kleinandelfingen,"2,074"
Laufen-Uhwiesen,"1,761"
Marthalen,"1,918"
Ossingen,"1,668"
Rheinau,"1,316"
Thalheim an der Thur,938
Trüllikon,"1,061"
Truttikon,463
Volken,380
Bachenbülach,"4,180"
Bassersdorf,"11,824"
Bülach,"21,372"
Dietlikon,"7,847"
Eglisau,"5,339"
Embrach,"9,421"
Freienstein-Teufen,"2,389"
Glattfelden,"5,217"
Hochfelden,"1,982"
Höri,"2,872"
Hüntwangen,"1,057"
Kloten,"20,130"
Lufingen,"2,417"
Nürensdorf,"5,602"
Oberembrach,"1,121"
Opfikon,"21,014"
Rafz,"4,661"
Rorbas,"2,885"
Wallisellen,"16,841"
Wasterkingen,563
Wil (ZH),"1,474"
Winkel,"4,535"
Bachs,592
Boppelsen,"1,432"
Buchs (ZH),"6,565"
Dällikon,"4,177"
Dänikon,"1,861"
Dielsdorf,"5,966"
Hüttikon,952
Neerach,"3,175"
Niederglatt,"4,993"
Niederhasli,"9,345"
Niederweningen,"3,073"
Oberglatt,"7,228"
Oberweningen,"1,790"
Otelfingen,"2,982"
Regensberg,469
Regensdorf,"18,540"
Rümlang,"8,233"
Schleinikon,758
Schöfflisdorf,"1,377"
Stadel,"2,293"
Steinmaur,"3,609"
Weiach,"1,903"
Bäretswil,"5,053"
Bubikon,"7,344"
Dürnten,"7,606"
Fischenthal,"2,516"
Gossau (ZH),"10,280"
Grüningen,"3,641"
Hinwil,"11,277"
Rüti (ZH),"12,286"
Seegräben,"1,430"
Wald (ZH),"10,096"
Wetzikon (ZH),"24,990"
Adliswil,"18,944"
Kilchberg (ZH),"8,923"
Langnau am Albis,"7,727"
Oberrieden,"5,002"
Richterswil,"13,632"
Rüschlikon,"6,092"
Thalwil,"18,139"
Erlenbach (ZH),"5,592"
Herrliberg,"6,460"
Hombrechtikon,"8,775"
Küsnacht (ZH),"14,564"
Männedorf,"11,359"
Meilen,"14,335"
Oetwil am See,"4,840"
Stäfa,"14,718"
Uetikon am See,"6,201"
Zumikon,"5,486"
Zollikon,"13,067"
Fehraltorf,"6,485"
Hittnau,"3,664"
Lindau,"5,605"
Pfäffikon,"12,164"
Russikon,"4,393"
Weisslingen,"3,364"
Wila,"1,977"
Wildberg,985
Dübendorf,"29,303"
Egg,"8,796"
Fällanden,"8,689"
Greifensee,"5,385"
Maur,"10,468"
Mönchaltorf,"3,898"
Schwerzenbach,"5,170"
Uster,"35,007"
Volketswil,"18,640"
Wangen-Brüttisellen,"7,967"
Altikon,698
Brütten,"2,067"
Dägerlen,"1,037"
Dättlikon,776
Dinhard,"1,684"
Ellikon an der Thur,901
Elsau,"3,647"
Hagenbuch,"1,085"
Hettlingen,"3,169"
Neftenbach,"5,718"
Pfungen,"3,900"
Rickenbach (ZH),"2,749"
Schlatt (ZH),789
Seuzach,"7,440"
Turbenthal,"4,883"
Winterthur,"113,173"
Zell (ZH),"6,299"
Aesch (ZH),"1,669"
Birmensdorf (ZH),"6,724"
Dietikon,"27,746"
Geroldswil,"4,934"
Oberengstringen,"6,738"
Oetwil an der Limmat,"2,515"
Schlieren,"18,791"
Uitikon,"4,668"
Unterengstringen,"3,934"
Urdorf,"9,981"
Weiningen (ZH),"4,813"
Zürich,"420,217"
Stammheim,"2,790"
Wädenswil,"24,624"
Elgg,"4,942"
Horgen,"22,992"
Illnau-Effretikon,"17,333"
Bauma,"4,873"
Wiesendangen,"6,594"
Aarberg,"4,632"
Bargen (BE),"1,025"
Grossaffoltern,"3,031"
Kallnach,"2,204"
Kappelen,"1,414"
Lyss,"15,525"
Meikirch,"2,473"
Radelfingen,"1,287"
Rapperswil (BE),"2,560"
Schüpfen,"3,773"
Seedorf (BE),"3,084"
Aarwangen,"4,620"
Auswil,440
Bannwil,661
Bleienbach,713
Busswil bei Melchnau,181
Gondiswil,728
Langenthal,"16,066"
Lotzwil,"2,628"
Madiswil,"3,275"
Melchnau,"1,489"
Oeschenbach,221
Reisiswil,174
Roggwil (BE),"4,056"
Rohrbach,"1,484"
Rohrbachgraben,394
Rütschelen,566
Schwarzhäusern,525
Thunstetten,"3,425"
Ursenbach,879
Wynau,"1,660"
Bern,"134,591"
Bolligen,"6,286"
Bremgarten bei Bern,"4,369"
Kirchlindach,"3,214"
Köniz,"42,044"
Muri bei Bern,"13,023"
Oberbalm,849
Stettlen,"3,137"
Vechigen,"5,345"
Wohlen bei Bern,"9,266"
Zollikofen,"10,471"
Ittigen,"11,306"
Ostermundigen,"17,772"
Biel/Bienne,"55,602"
Evilard,"2,654"
Arch,"1,629"
Büetigen,870
Büren an der Aare,"3,584"
Diessbach bei Büren,994
Dotzigen,"1,478"
Lengnau (BE),"5,280"
Leuzigen,"1,289"
Meienried,50
Meinisberg,"1,298"
Oberwil bei Büren,901
Pieterlen,"4,651"
Rüti bei Büren,857
Wengi,608
Aefligen,"1,096"
Alchenstorf,576
Bäriswil,"1,046"
Burgdorf,"16,587"
Ersigen,"2,039"
Hasle bei Burgdorf,"3,326"
Heimiswil,"1,636"
Hellsau,211
Hindelbank,"2,611"
Höchstetten,270
Kernenried,560
Kirchberg (BE),"5,916"
Koppigen,"2,082"
Krauchthal,"2,401"
Lyssach,"1,437"
Oberburg,"2,970"
Rüdtligen-Alchenflüh,"2,419"
Rumendingen,79
Rüti bei Lyssach,167
Willadingen,204
Wynigen,"2,093"
Corgémont,"1,737"
Cormoret,490
Cortébert,688
Courtelary,"1,456"
La Ferrière,529
Mont-Tramelan,109
Orvin,"1,196"
Renan (BE),927
Romont (BE),204
Saint-Imier,"5,140"
Sonceboz-Sombeval,"1,952"
Sonvilier,"1,237"
Tramelan,"4,580"
Villeret,924
Sauge,819
Péry-La Heutte,"1,890"
Brüttelen,588
Erlach,"1,388"
Finsterhennen,581
Gals,833
Gampelen,953
Ins,"3,555"
Lüscherz,551
Müntschemier,"1,505"
Siselen,603
Treiten,411
Tschugg,472
Vinelz,877
Bätterkinden,"3,249"
Deisswil bei Münchenbuchsee,91
Diemerswil,204
Fraubrunnen,"5,180"
Jegenstorf,"5,761"
Iffwil,421
Mattstetten,575
Moosseedorf,"4,130"
Münchenbuchsee,"10,355"
Urtenen-Schönbühl,"6,317"
Utzenstorf,"4,376"
Wiggiswil,103
Wiler bei Utzenstorf,985
Zielebach,319
Zuzwil (BE),570
Adelboden,"3,352"
Aeschi bei Spiez,"2,244"
Frutigen,"6,940"
Kandergrund,821
Kandersteg,"1,281"
Krattigen,"1,131"
Reichenbach im Kandertal,"3,624"
Beatenberg,"1,196"
Bönigen,"2,528"
Brienz (BE),"3,117"
Brienzwiler,473
Därligen,421
Grindelwald,"3,810"
Gsteigwiler,402
Gündlischwand,357
Habkern,648
Hofstetten bei Brienz,527
Interlaken,"5,634"
Iseltwald,430
Lauterbrunnen,"2,279"
Leissigen,"1,148"
Lütschental,226
Matten bei Interlaken,"4,115"
Niederried bei Interlaken,365
Oberried am Brienzersee,443
Ringgenberg (BE),"2,574"
Saxeten,93
Schwanden bei Brienz,630
Unterseen,"5,852"
Wilderswil,"2,669"
Arni (BE),930
Biglen,"1,815"
Bowil,"1,364"
Brenzikofen,492
Freimettigen,454
Grosshöchstetten,"4,151"
Häutligen,256
Herbligen,599
Kiesen,"1,012"
Konolfingen,"5,347"
Landiswil,607
Linden,"1,300"
Mirchel,626
Münsingen,"12,935"
Niederhünigen,656
Oberdiessbach,"3,533"
Oberthal,723
Oppligen,641
Rubigen,"2,877"
Walkringen,"1,768"
Worb,"11,479"
Zäziwil,"1,579"
Oberhünigen,313
Allmendingen,591
Wichtrach,"4,354"
Clavaleyres,48
Ferenbalm,"1,236"
Frauenkappelen,"1,228"
Gurbrü,264
Kriechenwil,442
Laupen,"3,168"
Mühleberg,"3,013"
Münchenwiler,538
Neuenegg,"5,606"
Wileroltigen,372
Belprahon,291
Champoz,164
Corcelles (BE),201
Court,"1,415"
Crémines,499
Eschert,367
Grandval,396
Loveresse,344
Moutier,"7,385"
Perrefitte,467
Reconvilier,"2,344"
Roches (BE),201
Saicourt,644
Saules (BE),152
Schelten,35
Seehof,60
Sorvilier,288
Tavannes,"3,570"
Rebévelier,42
Petit-Val,399
Valbirse,"4,012"
La Neuveville,"3,756"
Nods,769
Plateau de Diesse,"2,028"
Aegerten,"2,180"
Bellmund,"1,682"
Brügg,"4,370"
Bühl,476
Epsach,331
Hagneck,412
Hermrigen,313
Jens,649
Ipsach,"3,968"
Ligerz,547
Merzligen,391
Mörigen,856
Nidau,"6,872"
Orpund,"2,873"
Port,"3,727"
Safnern,"1,935"
Scheuren,437
Schwadernau,670
Studen (BE),"3,318"
Sutz-Lattrigen,"1,391"
Täuffelen,"2,890"
Walperswil,"1,032"
Worben,"2,411"
Twann-Tüscherz,"1,163"
Därstetten,855
Diemtigen,"2,259"
Erlenbach im Simmental,"1,733"
Oberwil im Simmental,789
Reutigen,"1,000"
Spiez,"12,870"
Wimmis,"2,559"
Stocken-Höfen,"1,012"
Guttannen,254
Hasliberg,"1,151"
Innertkirchen,"1,069"
Meiringen,"4,639"
Schattenhalb,550
Boltigen,"1,252"
Lenk,"2,324"
St. Stephan,"1,330"
Zweisimmen,"3,040"
Gsteig,970
Lauenen,823
Saanen,"6,817"
Guggisberg,"1,523"
Rüschegg,"1,676"
Schwarzenburg,"6,744"
Belp,"11,572"
Burgistein,"1,113"
Gerzensee,"1,231"
Gurzelen,859
Jaberg,298
Kaufdorf,"1,112"
Kehrsatz,"4,331"
Kirchdorf (BE),"1,829"
Niedermuhlern,501
Riggisberg,"3,002"
Rüeggisberg,"1,761"
Seftigen,"2,161"
Toffen,"2,526"
Uttigen,"2,129"
Wattenwil,"3,018"
Wald (BE),"1,174"
Thurnen,"1,973"
Eggiwil,"2,473"
Langnau im Emmental,"9,320"
Lauperswil,"2,664"
Röthenbach im Emmental,"1,169"
Rüderswil,"2,392"
Schangnau,905
Signau,"2,624"
Trub,"1,324"
Trubschachen,"1,463"
Amsoldingen,795
Blumenstein,"1,248"
Buchholterberg,"1,523"
Eriz,491
Fahrni,819
Heiligenschwendi,707
Heimberg,"6,927"
Hilterfingen,"4,057"
Homberg,502
Horrenbach-Buchen,229
Oberhofen am Thunersee,"2,425"
Oberlangenegg,464
Pohlern,247
Sigriswil,"4,829"
Steffisburg,"15,929"
Teuffenthal (BE),166
Thierachern,"2,471"
Thun,"43,632"
Uebeschi,685
Uetendorf,"5,843"
Unterlangenegg,"1,008"
Wachseldorn,233
Zwieselberg,329
Forst-Längenbühl,777
Affoltern im Emmental,"1,106"
Dürrenroth,"1,046"
Eriswil,"1,374"
Huttwil,"5,004"
Lützelflüh,"4,197"
Rüegsau,"3,224"
Sumiswald,"5,026"
Trachselwald,962
Walterswil (BE),541
Wyssachen,"1,108"
Attiswil,"1,513"
Berken,41
Bettenhausen,644
Farnern,215
Graben,342
Heimenhausen,"1,140"
Herzogenbuchsee,"7,255"
Inkwil,610
Niederbipp,"4,992"
Niederönz,"1,681"
Oberbipp,"1,750"
Ochlenberg,570
Rumisberg,482
Seeberg,"1,529"
Thörigen,"1,158"
Walliswil bei Niederbipp,217
Walliswil bei Wangen,606
Wangen an der Aare,"2,321"
Wangenried,405
Wiedlisbach,"2,378"
Doppleschwand,789
Entlebuch,"3,280"
Flühli,"1,929"
Hasle (LU),"1,736"
Romoos,659
Schüpfheim,"4,206"
Werthenstein,"2,180"
Escholzmatt-Marbach,"4,351"
Aesch (LU),"1,259"
Ballwil,"2,710"
Emmen,"31,043"
Ermensee,989
Eschenbach (LU),"3,627"
Hitzkirch,"5,858"
Hochdorf,"9,884"
Hohenrain,"2,403"
Inwil,"2,641"
Rain,"2,831"
Römerswil,"1,788"
Rothenburg,"7,678"
Schongau,"1,030"
Adligenswil,"5,460"
Buchrain,"6,361"
Dierikon,"1,484"
Ebikon,"13,849"
Gisikon,"1,412"
Greppen,"1,165"
Honau,401
Horw,"14,243"
Kriens,"27,847"
Luzern,"82,257"
Malters,"7,432"
Meggen,"7,436"
Meierskappel,"1,451"
Root,"5,126"
Schwarzenberg,"1,726"
Udligenswil,"2,294"
Vitznau,"1,402"
Weggis,"4,317"
Beromünster,"6,624"
Büron,"2,559"
Buttisholz,"3,333"
Eich,"1,630"
Geuensee,"2,874"
Grosswangen,"3,249"
Hildisrieden,"2,343"
Knutwil,"2,275"
Mauensee,"1,460"
Neuenkirch,"7,163"
Nottwil,"3,965"
Oberkirch,"4,794"
Rickenbach (LU),"3,398"
Ruswil,"7,046"
Schenkon,"3,024"
Schlierbach,921
Sempach,"4,208"
Sursee,"10,195"
Triengen,"4,640"
Wolhusen,"4,308"
Alberswil,659
Altbüron,"1,012"
Altishofen,"1,959"
Dagmersellen,"5,608"
Egolzwil,"1,514"
Ettiswil,"2,730"
Fischbach,700
Grossdietwil,854
Hergiswil bei Willisau,"1,905"
Luthern,"1,238"
Menznau,"2,888"
Nebikon,"2,695"
Pfaffnau,"2,665"
Reiden,"7,186"
Roggliswil,698
Schötz,"4,530"
Ufhusen,888
Wauwil,"2,261"
Wikon,"1,520"
Zell (LU),"2,097"
Willisau,"8,970"
Altdorf (UR),"9,537"
Andermatt,"1,433"
Attinghausen,"1,750"
Bürglen (UR),"3,995"
Erstfeld,"3,845"
Flüelen,"1,961"
Göschenen,431
Gurtnellen,528
Hospental,180
Isenthal,474
Realp,150
Schattdorf,"5,413"
Seedorf (UR),"2,051"
Seelisberg,678
Silenen,"1,957"
Sisikon,383
Spiringen,830
Unterschächen,702
Wassen,405
Einsiedeln,"16,106"
Gersau,"2,326"
Feusisberg,"5,350"
Freienbach,"16,506"
Wollerau,"7,299"
Küssnacht (SZ),"13,300"
Altendorf,"7,059"
Galgenen,"5,227"
Innerthal,177
Lachen,"8,883"
Reichenburg,"3,825"
Schübelbach,"9,190"
Tuggen,"3,293"
Vorderthal,992
Wangen (SZ),"5,150"
Alpthal,621
Arth,"12,154"
Illgau,797
Ingenbohl,"8,952"
Lauerz,"1,114"
Morschach,"1,148"
Muotathal,"3,486"
Oberiberg,870
Riemenstalden,86
Rothenthurm,"2,460"
Sattel,"1,925"
Schwyz,"15,239"
Steinen,"3,608"
Steinerberg,939
Unteriberg,"2,398"
Alpnach,"6,053"
Engelberg,"4,186"
Giswil,"3,657"
Kerns,"6,295"
Lungern,"2,111"
Sachseln,"5,170"
Sarnen,"10,458"
Beckenried,"3,697"
Buochs,"5,285"
Dallenwil,"1,832"
Emmetten,"1,440"
Ennetbürgen,"4,779"
Ennetmoos,"2,199"
Hergiswil (NW),"5,776"
Oberdorf (NW),"3,114"
Stans,"8,254"
Stansstad,"4,624"
Wolfenschiessen,"2,087"
Glarus Nord,"18,626"
Glarus Süd,"9,453"
Glarus,"12,511"
Baar,"24,617"
Cham,"16,893"
Hünenberg,"8,784"
Menzingen,"4,551"
Neuheim,"2,237"
Oberägeri,"6,244"
Risch,"10,990"
Steinhausen,"10,129"
Unterägeri,"8,868"
Walchwil,"3,711"
Zug,"30,618"
Châtillon (FR),484
Cugy (FR),"1,767"
Fétigny,"1,068"
Gletterens,"1,097"
Lully (FR),"1,178"
Ménières,437
Montagny (FR),"2,677"
Nuvilly,446
Prévondavaux,72
Saint-Aubin (FR),"1,835"
Sévaz,304
Surpierre,"1,115"
Vallon,455
Les Montets,"1,520"
Delley-Portalban,"1,173"
Belmont-Broye,"5,559"
Estavayer,"9,762"
Cheyres-Châbles,"2,317"
Auboranges,282
Billens-Hennens,786
Chapelle (Glâne),302
Le Châtelard,364
Châtonnaye,830
Ecublens (FR),335
Grangettes,222
Massonnens,533
Mézières (FR),"1,044"
Montet (Glâne),394
Romont (FR),"5,366"
Rue,"1,524"
Siviriez,"2,281"
Ursy,"3,271"
Vuisternens-devant-Romont,"2,330"
Villorsonnens,"1,498"
Torny,973
Villaz,"2,303"
Haut-Intyamon,"1,559"
Pont-en-Ogoz,"1,920"
Botterens,616
Broc,"2,627"
Bulle,"23,871"
Châtel-sur-Montsalvens,295
Corbières,908
Crésuz,398
Echarlens,829
Grandvillard,847
Gruyères,"2,212"
Hauteville,681
Jaun,643
Marsens,"1,959"
Morlon,638
Le Pâquier (FR),"1,336"
Pont-la-Ville,595
Riaz,"2,791"
La Roche,"1,744"
Sâles,"1,441"
Sorens,"1,119"
Vaulruz,"1,071"
Vuadens,"2,435"
Bas-Intyamon,"1,549"
Val-de-Charmey,"2,538"
Autigny,796
Avry,"1,925"
Belfaux,"3,280"
Chénens,842
Corminboeuf,"2,717"
Cottens (FR),"1,504"
Ferpicloz,266
Fribourg,"38,197"
Givisiez,"3,177"
Granges-Paccot,"3,773"
Grolley,"1,972"
Marly,"8,138"
Matran,"1,543"
Neyruz (FR),"2,664"
Pierrafortscha,160
Ponthaux,750
Le Mouret,"3,135"
Treyvaux,"1,483"
Villars-sur-Glâne,"12,228"
Villarsel-sur-Marly,72
Hauterive (FR),"2,531"
La Brillaz,"2,052"
La Sonnaz,"1,173"
Gibloux,"7,606"
Prez,"2,246"
Bois-d'Amont,"2,273"
Courgevaux,"1,428"
Courtepin,"5,468"
Cressier (FR),"1,003"
Fräschels,454
Galmiz,727
Gempenach,313
Greng,173
Gurmels,"4,404"
Kerzers,"5,029"
Kleinbösingen,702
Meyriez,573
Misery-Courtion,"2,116"
Muntelier,954
Murten,"8,259"
Ried bei Kerzers,"1,160"
Ulmiz,449
Mont-Vully,"4,015"
Brünisried,653
Düdingen,"8,181"
Giffers,"1,638"
Bösingen,"3,409"
Heitenried,"1,402"
Plaffeien,"3,621"
Plasselb,"1,013"
Rechthalten,"1,108"
St. Silvester,971
St. Ursen,"1,345"
Schmitten (FR),"4,037"
Tafers,"7,639"
Tentlingen,"1,338"
Ueberstorf,"2,379"
Wünnewil-Flamatt,"5,569"
Attalens,"3,562"
Bossonnens,"1,512"
Châtel-Saint-Denis,"7,216"
Granges (Veveyse),864
Remaufens,"1,152"
Saint-Martin (FR),"1,028"
Semsales,"1,435"
Le Flon,"1,201"
La Verrerie,"1,254"
Egerkingen,"3,793"
Härkingen,"1,638"
Kestenholz,"1,829"
Neuendorf,"2,246"
Niederbuchsiten,"1,246"
Oberbuchsiten,"2,282"
Oensingen,"6,264"
Wolfwil,"2,307"
Aedermannsdorf,579
Balsthal,"6,239"
Herbetswil,565
Holderbank (SO),692
Laupersdorf,"1,808"
Matzendorf,"1,340"
Mümliswil-Ramiswil,"2,404"
Welschenrohr-Gänsbrunnen,"1,158"
Biezwil,327
Lüterkofen-Ichertswil,829
Lüterswil-Gächliwil,320
Messen,"1,476"
Schnottwil,"1,140"
Unterramsern,218
Lüsslingen-Nennigkofen,"1,084"
Buchegg,"2,560"
Bättwil,"1,166"
Büren (SO),"1,059"
Dornach,"6,849"
Gempen,901
Hochwald,"1,290"
Hofstetten-Flüh,"3,209"
Metzerlen-Mariastein,925
Nuglar-St. Pantaleon,"1,488"
Rodersdorf,"1,336"
Seewen,"1,003"
Witterswil,"1,452"
Hauenstein-Ifenthal,308
Kienberg,504
Lostorf,"3,942"
Niedergösgen,"3,830"
Obergösgen,"2,271"
Stüsslingen,"1,196"
Trimbach,"6,595"
Winznau,"1,902"
Wisen (SO),433
Erlinsbach (SO),"3,555"
Aeschi (SO),"1,257"
Biberist,"8,766"
Bolken,595
Deitingen,"2,220"
Derendingen,"6,520"
Etziken,917
Gerlafingen,"5,336"
Halten,836
Horriwil,830
Hüniken,153
Kriegstetten,"1,304"
Lohn-Ammannsegg,"2,844"
Luterbach,"3,488"
Obergerlafingen,"1,225"
Oekingen,872
Recherswil,"2,017"
Subingen,"3,173"
Zuchwil,"9,041"
Drei Höfe,740
Balm bei Günsberg,209
Bellach,"5,284"
Bettlach,"4,971"
Feldbrunnen-St. Niklaus,991
Flumenthal,"1,004"
Grenchen,"17,468"
Günsberg,"1,176"
Hubersdorf,737
Kammersrohr,32
Langendorf,"3,806"
Lommiswil,"1,540"
Oberdorf (SO),"1,749"
Riedholz,"2,323"
Rüttenen,"1,465"
Selzach,"3,434"
Boningen,769
Däniken,"2,914"
Dulliken,"5,082"
Eppenberg-Wöschnau,327
Fulenbach,"1,785"
Gretzenbach,"2,779"
Gunzgen,"1,654"
Hägendorf,"5,140"
Kappel (SO),"3,265"
Olten,"18,399"
Rickenbach (SO),"1,038"
Schönenwerd,"4,966"
Starrkirch-Wil,"1,710"
Walterswil (SO),724
Wangen bei Olten,"5,134"
Solothurn,"16,933"
Bärschwil,801
Beinwil (SO),275
Breitenbach,"3,914"
Büsserach,"2,298"
Erschwil,935
Fehren,608
Grindel,520
Himmelried,947
Kleinlützel,"1,238"
Meltingen,668
Nunningen,"1,897"
Zullwil,646
Basel,"173,232"
Bettingen,"1,163"
Riehen,"21,449"
Aesch (BL),"10,356"
Allschwil,"21,090"
Arlesheim,"9,158"
Biel-Benken,"3,476"
Binningen,"15,793"
Birsfelden,"10,432"
Bottmingen,"6,783"
Ettingen,"5,354"
Münchenstein,"12,104"
Muttenz,"17,910"
Oberwil (BL),"11,221"
Pfeffingen,"2,369"
Reinach (BL),"19,181"
Schönenbuch,"1,409"
Therwil,"9,918"
Blauen,699
Brislach,"1,656"
Burg im Leimental,276
Dittingen,708
Duggingen,"1,547"
Grellingen,"1,871"
Laufen,"5,643"
Liesberg,"1,102"
Nenzlingen,455
Roggenburg,279
Röschenz,"1,897"
Wahlen,"1,466"
Zwingen,"2,453"
Arisdorf,"1,653"
Augst,"1,042"
Bubendorf,"4,402"
Frenkendorf,"6,454"
Füllinsdorf,"4,588"
Giebenach,"1,051"
Hersberg,330
Lausen,"5,320"
Liestal,"14,391"
Lupsingen,"1,450"
Pratteln,"16,650"
Ramlinsburg,708
Seltisberg,"1,290"
Ziefen,"1,561"
Anwil,553
Böckten,825
Buckten,689
Buus,"1,069"
Diepflingen,777
Gelterkinden,"6,268"
Häfelfingen,243
Hemmiken,255
Itingen,"2,159"
Känerkinden,533
Kilchberg (BL),161
Läufelfingen,"1,288"
Maisprach,930
Nusshof,262
Oltingen,498
Ormalingen,"2,261"
Rickenbach (BL),585
Rothenfluh,764
Rümlingen,430
Rünenberg,746
Sissach,"6,686"
Tecknau,839
Tenniken,915
Thürnen,"1,358"
Wenslingen,706
Wintersingen,607
Wittinsburg,439
Zeglingen,493
Zunzgen,"2,612"
Arboldswil,580
Bennwil,667
Bretzwil,753
Diegten,"1,624"
Eptingen,535
Hölstein,"2,556"
Lampenberg,508
Langenbruck,957
Lauwil,315
Liedertswil,167
Niederdorf,"1,846"
Oberdorf (BL),"2,403"
Reigoldswil,"1,588"
Titterten,419
Waldenburg,"1,103"
Gächlingen,876
Löhningen,"1,474"
Neunkirch,"2,326"
Büttenhardt,423
Dörflingen,"1,031"
Lohn (SH),743
Stetten (SH),"1,374"
Thayngen,"5,547"
Bargen (SH),312
Beringen,"4,925"
Buchberg,854
Merishausen,856
Neuhausen am Rheinfall,"10,467"
Rüdlingen,781
Schaffhausen,"36,604"
Beggingen,463
Schleitheim,"1,653"
Siblingen,880
Buch (SH),332
Hemishofen,474
Ramsen,"1,465"
Stein am Rhein,"3,505"
Hallau,"2,207"
Oberhallau,438
Trasadingen,598
Wilchingen,"1,740"
Herisau,"15,763"
Hundwil,967
Schönengrund,528
Schwellbrunn,"1,541"
Stein (AR),"1,387"
Urnäsch,"2,272"
Waldstatt,"1,817"
Bühler,"1,852"
Gais,"3,066"
Speicher,"4,408"
Teufen (AR),"6,362"
Trogen,"1,752"
Grub (AR),"1,013"
Heiden,"4,203"
Lutzenberg,"1,299"
Rehetobel,"1,756"
Reute (AR),704
Wald (AR),872
Walzenhausen,"2,012"
Wolfhalden,"1,871"
Appenzell,"5,778"
Gonten,"1,445"
Rüte,"3,692"
Schlatt-Haslen,"1,140"
Schwende,"2,184"
Oberegg,"1,889"
Häggenschwil,"1,390"
Muolen,"1,220"
St. Gallen,"76,090"
Wittenbach,"9,706"
Berg (SG),851
Eggersriet,"2,339"
Goldach,"9,504"
Mörschwil,"3,658"
Rorschach,"9,438"
Rorschacherberg,"7,382"
Steinach,"3,608"
Tübach,"1,438"
Untereggen,"1,046"
Au (SG),"7,809"
Balgach,"4,891"
Berneck,"3,936"
Diepoldsau,"6,465"
Rheineck,"3,398"
St. Margrethen,"5,960"
Thal,"6,565"
Widnau,"9,756"
Altstätten,"11,877"
Eichberg,"1,520"
Marbach (SG),"2,110"
Oberriet (SG),"8,979"
Rebstein,"4,533"
Rüthi (SG),"2,412"
Buchs (SG),"12,861"
Gams,"3,550"
Grabs,"7,147"
Sennwald,"5,665"
Sevelen,"5,112"
Wartau,"5,295"
Bad Ragaz,"6,264"
Flums,"4,889"
Mels,"8,561"
Pfäfers,"1,556"
Quarten,"2,949"
Sargans,"6,200"
Vilters-Wangs,"4,884"
Walenstadt,"5,705"
Amden,"1,823"
Benken (SG),"2,982"
Kaltbrunn,"4,924"
Schänis,"3,876"
Weesen,"1,717"
Schmerikon,"3,766"
Uznach,"6,489"
Rapperswil-Jona,"27,277"
Gommiswald,"5,218"
Eschenbach (SG),"9,584"
Ebnat-Kappel,"5,001"
Wildhaus-Alt St. Johann,"2,606"
Nesslau,"3,545"
Hemberg,902
Lichtensteig,"1,896"
Oberhelfenschwil,"1,251"
Neckertal,"4,044"
Wattwil,"8,761"
Kirchberg (SG),"9,100"
Lütisburg,"1,606"
Mosnang,"2,847"
Bütschwil-Ganterschwil,"4,987"
Degersheim,"4,121"
Flawil,"10,425"
Jonschwil,"3,834"
Oberuzwil,"6,403"
Uzwil,"13,129"
Niederbüren,"1,505"
Niederhelfenschwil,"3,136"
Oberbüren,"4,542"
Zuzwil (SG),"4,792"
Wil (SG),"24,159"
Andwil (SG),"1,999"
Gaiserwald,"8,327"
Gossau (SG),"18,108"
Waldkirch,"3,533"
Vaz/Obervaz,"2,786"
Lantsch/Lenz,539
Schmitten (GR),221
Albula/Alvra,"1,283"
Surses,"2,327"
Bergün Filisur,898
Brusio,"1,120"
Poschiavo,"3,493"
Falera,620
Laax,"1,885"
Sagogn,728
Schluein,612
Vals,979
Lumnezia,"2,019"
Ilanz/Glion,"4,757"
Fürstenau,357
Rothenbrunnen,304
Scharans,790
Sils im Domleschg,960
Cazis,"2,264"
Flerden,247
Masein,498
Thusis,"3,278"
Tschappina,133
Urmein,147
Safiental,903
Domleschg,"2,113"
Avers,171
Sufers,145
Andeer,906
Rongellen,53
Zillis-Reischen,396
Ferrera,80
Rheinwald,581
Muntogna da Schons,360
Bonaduz,"3,467"
Domat/Ems,"8,132"
Rhäzüns,"1,557"
Felsberg,"2,589"
Flims,"2,912"
Tamins,"1,222"
Trin,"1,414"
Zernez,"1,523"
Samnaun,772
Scuol,"4,624"
Valsot,841
Bever,607
Celerina/Schlarigna,"1,502"
Madulain,207
Pontresina,"2,147"
La Punt Chamues-ch,679
Samedan,"2,913"
St. Moritz,"4,882"
S-chanf,681
Sils im Engadin/Segl,702
Silvaplana,"1,132"
Zuoz,"1,177"
Bregaglia,"1,555"
Buseno,89
Castaneda,274
Rossa,151
Santa Maria in Calanca,109
Lostallo,805
Mesocco,"1,344"
Soazza,319
Cama,552
Grono,"1,406"
Roveredo (GR),"2,581"
San Vittore,841
Calanca,200
Val Müstair,"1,437"
Davos,"10,862"
Fideris,595
Furna,202
Jenaz,"1,151"
Klosters,"4,431"
Conters im Prättigau,222
Küblis,844
Luzein,"1,591"
Chur,"37,082"
Churwalden,"1,912"
Arosa,"3,145"
Tschiertschen-Praden,307
Trimmis,"3,310"
Untervaz,"2,521"
Zizers,"3,490"
Fläsch,835
Jenins,895
Maienfeld,"3,006"
Malans,"2,419"
Landquart,"8,926"
Grüsch,"2,116"
Schiers,"2,705"
Seewis im Prättigau,"1,370"
Breil/Brigels,"1,728"
Disentis/Mustér,"2,046"
Medel (Lucmagn),355
Sumvitg,"1,121"
Tujetsch,"1,207"
Trun,"1,164"
Obersaxen Mundaun,"1,165"
Aarau,"21,773"
Biberstein,"1,598"
Buchs (AG),"7,971"
Densbüren,721
Erlinsbach (AG),"4,252"
Gränichen,"7,994"
Hirschthal,"1,611"
Küttigen,"6,268"
Muhen,"3,907"
Oberentfelden,"8,510"
Suhr,"10,476"
Unterentfelden,"4,249"
Baden,"19,547"
Bellikon,"1,550"
Bergdietikon,"2,831"
Birmenstorf (AG),"2,988"
Ennetbaden,"3,501"
Fislisbach,"5,552"
Freienwil,"1,038"
Gebenstorf,"5,461"
Killwangen,"2,057"
Künten,"1,795"
Mägenwil,"2,123"
Mellingen,"5,772"
Neuenhof,"8,950"
Niederrohrdorf,"4,134"
Oberrohrdorf,"4,080"
Obersiggenthal,"8,628"
Remetschwil,"2,019"
Spreitenbach,"12,065"
Stetten (AG),"2,201"
Turgi,"3,004"
Untersiggenthal,"7,211"
Wettingen,"20,934"
Wohlenschwil,"1,603"
Würenlingen,"4,768"
Würenlos,"6,494"
Ehrendingen,"4,840"
Arni (AG),"1,868"
Berikon,"4,756"
Bremgarten (AG),"8,211"
Büttikon,975
Dottikon,"3,891"
Eggenwil,"1,034"
Fischbach-Göslikon,"1,607"
Hägglingen,"2,445"
Jonen,"2,183"
Niederwil (AG),"2,815"
Oberlunkhofen,"2,035"
Oberwil-Lieli,"2,457"
Rudolfstetten-Friedlisberg,"4,508"
Sarmenstorf,"2,929"
Tägerig,"1,489"
Uezwil,488
Unterlunkhofen,"1,469"
Villmergen,"7,472"
Widen,"3,779"
Wohlen (AG),"16,613"
Zufikon,"4,503"
Islisberg,631
Auenstein,"1,605"
Birr,"4,582"
Birrhard,757
Bözen,804
Brugg,"12,575"
Effingen,621
Elfingen,294
Habsburg,422
Hausen (AG),"3,646"
Lupfig,"3,141"
Mandach,334
Mönthal,394
Mülligen,"1,086"
Remigen,"1,225"
Riniken,"1,459"
Rüfenach,841
Thalheim (AG),812
Veltheim (AG),"1,518"
Villigen,"2,148"
Villnachern,"1,653"
Windisch,"7,613"
Bözberg,"1,645"
Schinznach,"2,263"
Beinwil am See,"3,361"
Birrwil,"1,149"
Burg (AG),"1,000"
Dürrenäsch,"1,260"
Gontenschwil,"2,169"
Holziken,"1,474"
Leimbach (AG),473
Leutwil,758
Menziken,"6,519"
Oberkulm,"2,725"
Reinach (AG),"8,781"
Schlossrued,835
Schmiedrued,"1,152"
Schöftland,"4,427"
Teufenthal (AG),"1,641"
Unterkulm,"3,134"
Zetzwil,"1,348"
Eiken,"2,301"
Frick,"5,655"
Gansingen,"1,053"
Gipf-Oberfrick,"3,646"
Herznach,"1,578"
Hornussen,971
Kaisten,"2,682"
Laufenburg,"3,680"
Münchwilen (AG),950
Oberhof,589
Oeschgen,"1,044"
Schwaderloch,685
Sisseln,"1,601"
Ueken,884
Wittnau,"1,330"
Wölflinswil,"1,042"
Zeihen,"1,175"
Mettauertal,"2,035"
Ammerswil,722
Boniswil,"1,480"
Brunegg,874
Dintikon,"2,254"
Egliswil,"1,477"
Fahrwangen,"2,280"
Hallwil,879
Hendschiken,"1,322"
Holderbank (AG),"1,377"
Hunzenschwil,"4,038"
Lenzburg,"10,822"
Meisterschwanden,"2,955"
Möriken-Wildegg,"4,498"
Niederlenz,"4,765"
Othmarsingen,"2,929"
Rupperswil,"5,483"
Schafisheim,"3,031"
Seengen,"4,081"
Seon,"5,223"
Staufen,"3,876"
Abtwil,964
Aristau,"1,487"
Auw,"2,144"
Beinwil (Freiamt),"1,176"
Besenbüren,631
Bettwil,636
Boswil,"2,873"
Bünzen,"1,113"
Buttwil,"1,240"
Dietwil,"1,333"
Geltwil,221
Kallern,387
Merenschwand,"3,667"
Mühlau,"1,209"
Muri (AG),"8,137"
Oberrüti,"1,542"
Rottenschwil,910
Sins,"4,278"
Waltenschwil,"2,964"
Hellikon,785
Kaiseraugst,"5,533"
Magden,"3,885"
Möhlin,"11,047"
Mumpf,"1,553"
Obermumpf,"1,047"
Olsberg,361
Rheinfelden,"13,503"
Schupfart,802
Stein (AG),"3,184"
Wallbach,"1,984"
Wegenstetten,"1,040"
Zeiningen,"2,381"
Zuzgen,864
Aarburg,"8,376"
Bottenwil,804
Brittnau,"3,947"
Kirchleerau,870
Kölliken,"4,581"
Moosleerau,899
Murgenthal,"3,013"
Oftringen,"14,101"
Reitnau,"1,555"
Rothrist,"9,148"
Safenwil,"3,924"
Staffelbach,"1,301"
Strengelbach,"4,870"
Uerkheim,"1,346"
Vordemwald,"1,977"
Wiliberg,163
Zofingen,"11,861"
Baldingen,266
Böbikon,171
Böttstein,"3,919"
Döttingen,"4,139"
Endingen,"2,565"
Fisibach,510
Full-Reuenthal,880
Kaiserstuhl,415
Klingnau,"3,536"
Koblenz,"1,689"
Leibstadt,"1,384"
Lengnau (AG),"2,780"
Leuggern,"2,141"
Mellikon,229
Rekingen (AG),973
Rietheim,717
Rümikon,334
Schneisingen,"1,486"
Siglistorf,636
Tegerfelden,"1,195"
Wislikofen,353
Bad Zurzach,"4,365"
Arbon,"14,796"
Dozwil,683
Egnach,"4,699"
Hefenhofen,"1,210"
Horn,"2,901"
Kesswil,999
Roggwil (TG),"3,095"
Romanshorn,"11,269"
Salmsach,"1,477"
Sommeri,610
Uttwil,"1,893"
Amriswil,"13,816"
Bischofszell,"5,982"
Erlen,"3,779"
Hauptwil-Gottshaus,"1,993"
Hohentannen,584
Kradolf-Schönenberg,"3,609"
Sulgen,"3,918"
Zihlschlacht-Sitterdorf,"2,442"
Basadingen-Schlattingen,"1,829"
Diessenhofen,"4,042"
Schlatt (TG),"1,777"
Aadorf,"9,047"
Felben-Wellhausen,"2,869"
Frauenfeld,"25,781"
Gachnang,"4,455"
Hüttlingen,842
Matzingen,"2,967"
Neunforn,"1,048"
Stettfurt,"1,224"
Thundorf,"1,488"
Uesslingen-Buch,"1,084"
Warth-Weiningen,"1,333"
Altnau,"2,285"
Bottighofen,"2,301"
Ermatingen,"3,527"
Gottlieben,333
Güttingen,"1,661"
Kemmental,"2,601"
Kreuzlingen,"22,188"
Langrickenbach,"1,273"
Lengwil,"1,744"
Münsterlingen,"3,494"
Tägerwilen,"4,762"
Wäldi,"1,047"
Affeltrangen,"2,606"
Bettwiesen,"1,226"
Bichelsee-Balterswil,"2,878"
Braunau,815
Eschlikon,"4,480"
Fischingen,"2,802"
Lommis,"1,211"
Münchwilen (TG),"5,680"
Rickenbach (TG),"2,803"
Schönholzerswilen,846
Sirnach,"7,803"
Tobel-Tägerschen,"1,604"
Wängi,"4,769"
Wilen (TG),"2,521"
Wuppenau,"1,118"
Berlingen,890
Eschenz,"1,832"
Herdern,"1,115"
Homburg,"1,542"
Hüttwilen,"1,773"
Mammern,659
Müllheim,"3,003"
Pfyn,"2,071"
Raperswilen,413
Salenstein,"1,369"
Steckborn,"3,746"
Wagenhausen,"1,713"
Amlikon-Bissegg,"1,341"
Berg (TG),"3,449"
Birwinken,"1,340"
Bürglen (TG),"3,959"
Bussnang,"2,458"
Märstetten,"2,889"
Weinfelden,"11,602"
Wigoltingen,"2,464"
Arbedo-Castione,"5,057"
Bellinzona,"43,279"
Cadenazzo,"2,942"
Isone,396
Lumino,"1,571"
Sant'Antonino,"2,510"
Acquarossa,"1,813"
Blenio,"1,770"
Serravalle,"2,075"
Airolo,"1,481"
Bedretto,106
Bodio,968
Dalpe,171
Faido,"2,889"
Giornico,833
Personico,331
Pollegio,799
Prato (Leventina),409
Quinto,"1,020"
Ascona,"5,497"
Brione sopra Minusio,480
Brissago,"1,695"
Gordola,"4,666"
Lavertezzo 3),"1,299"
Locarno,"15,776"
Losone,"6,695"
Mergoscia,209
Minusio,"7,281"
Muralto,"2,675"
Orselina,717
Ronco sopra Ascona,573
Tenero-Contra,"3,223"
Onsernone,661
Cugnasco-Gerra 3),"2,845"
Agno,"4,403"
Aranno,376
Arogno,992
Astano,299
Bedano,"1,545"
Bedigliora,611
Bioggio,"2,658"
Bissone,913
Brusino Arsizio,459
Cademario,776
Cadempino,"1,536"
Canobbio,"2,316"
Caslano,"4,304"
Comano,"2,047"
Croglio,858
Cureglia,"1,422"
Curio,565
Grancia,463
Gravesano,"1,375"
Lamone,"1,727"
Lugano,"62,615"
Magliaso,"1,627"
Manno,"1,305"
Maroggia,700
Massagno,"6,153"
Melano,"1,437"
Melide,"1,806"
Mezzovico-Vira,"1,377"
Miglieglia,317
Monteggio,849
Morcote,715
Muzzano,810
Neggio,324
Novaggio,832
Origlio,"1,482"
Paradiso,"4,303"
Ponte Capriasca,"1,907"
Ponte Tresa,773
Porza,"1,526"
Pura,"1,348"
Rovio,817
Savosa,"2,199"
Sessa,685
Sorengo,"1,835"
Capriasca,"6,737"
Torricella-Taverne,"3,104"
Vernate,583
Vezia,"1,877"
Vico Morcote,431
Collina d'Oro,"4,615"
Alto Malcantone,"1,392"
Monteceneri,"4,508"
Balerna,"3,270"
Castel San Pietro,"2,194"
Chiasso,"7,759"
Coldrerio,"2,903"
Mendrisio,"14,870"
Morbio Inferiore,"4,517"
Novazzano,"2,346"
Riva San Vitale,"2,654"
Stabio,"4,510"
Vacallo,"3,383"
Breggia,"1,936"
Biasca,"6,092"
Riviera,"4,209"
Bosco/Gurin,49
Campo (Vallemaggia),51
Cerentino,45
Cevio,"1,146"
Linescio,47
Maggia,"2,609"
Lavizzara,508
Avegno Gordevio,"1,512"
Terre di Pedemonte,"2,625"
Centovalli,"1,134"
Gambarogno,"5,136"
Verzasca 3),640
Aigle,"10,197"
Bex,"7,879"
Chessel,428
Corbeyrier,434
Gryon,"1,348"
Lavey-Morcles,929
Leysin,"3,782"
Noville,"1,170"
Ollon,"7,555"
Ormont-Dessous,"1,142"
Ormont-Dessus,"1,433"
Rennaz,872
Roche (VD),"1,827"
Villeneuve (VD),"5,763"
Yvorne,"1,067"
Apples,"1,460"
Aubonne,"3,807"
Ballens,542
Berolle,300
Bière,"1,593"
Bougy-Villars,473
Féchy,860
Gimel,"2,236"
Longirod,481
Marchissy,472
Mollens (VD),307
Saint-George,"1,063"
Saint-Livres,688
Saint-Oyens,447
Saubraz,422
Avenches,"4,295"
Cudrefin,"1,733"
Faoug,881
Vully-les-Lacs,"3,274"
Bettens,650
Bournens,420
Boussens,991
La Chaux (Cossonay),395
Chavannes-le-Veyron,152
Chevilly,315
Cossonay,"4,044"
Cottens (VD),486
Cuarnens,486
Daillens,"1,034"
Dizy,234
Eclépens,"1,219"
Ferreyres,318
Gollion,939
Grancy,397
L'Isle,"1,009"
Lussery-Villars,459
Mauraz,57
Mex (VD),718
Moiry,310
Mont-la-Ville,478
Montricher,966
Orny,416
Pampigny,"1,103"
Penthalaz,"3,258"
Penthaz,"1,760"
Pompaples,849
La Sarraz,"2,646"
Senarclens,477
Sévery,227
Sullens,"1,034"
Vufflens-la-Ville,"1,290"
Assens,"1,075"
Bercher,"1,281"
Bioley-Orjulaz,520
Bottens,"1,298"
Bretigny-sur-Morrens,864
Cugy (VD),"2,765"
Echallens,"5,726"
Essertines-sur-Yverdon,"1,031"
Etagnières,"1,144"
Fey,751
Froideville,"2,643"
Morrens (VD),"1,129"
Oulens-sous-Echallens,615
Pailly,562
Penthéréaz,421
Poliez-Pittet,828
Rueyres,265
Saint-Barthélemy (VD),790
Villars-le-Terroir,"1,227"
Vuarrens,"1,054"
Montilliez,"1,819"
Goumoëns,"1,140"
Bonvillars,490
Bullet,657
Champagne,"1,057"
Concise,"1,024"
Corcelles-près-Concise,402
Fiez,445
Fontaines-sur-Grandson,215
Giez,413
Grandevent,221
Grandson,"3,341"
Mauborget,120
Mutrux,152
Novalles,100
Onnens (VD),496
Provence,378
Sainte-Croix,"4,891"
Tévenon,897
Belmont-sur-Lausanne,"3,774"
Cheseaux-sur-Lausanne,"4,335"
Crissier,"7,965"
Epalinges,"9,695"
Jouxtens-Mézery,"1,423"
Lausanne,"139,408"
Le Mont-sur-Lausanne,"8,992"
Paudex,"1,529"
Prilly,"12,413"
Pully,"18,458"
Renens (VD),"20,886"
Romanel-sur-Lausanne,"3,289"
Chexbres,"2,234"
Forel (Lavaux),"2,064"
Lutry,"10,348"
Puidoux,"2,869"
Rivaz,342
Saint-Saphorin (Lavaux),380
Savigny,"3,352"
Bourg-en-Lavaux,"5,343"
Aclens,539
Bremblens,577
Buchillon,685
Bussigny,"8,930"
Bussy-Chardonney,384
Chavannes-près-Renens,"7,851"
Chigny,382
Clarmont,191
Denens,740
Denges,"1,608"
Echandens,"2,733"
Echichens,"3,071"
Ecublens (VD),"13,079"
Etoy,"2,932"
Lavigny,986
Lonay,"2,669"
Lully (VD),818
Lussy-sur-Morges,694
Morges,"15,844"
Préverenges,"5,239"
Reverolle,411
Romanel-sur-Morges,463
Saint-Prex,"5,766"
Saint-Sulpice (VD),"4,704"
Tolochenaz,"1,908"
Vaux-sur-Morges,196
Villars-Sainte-Croix,970
Villars-sous-Yens,603
Vufflens-le-Château,883
Vullierens,514
Yens,"1,473"
Boulens,365
Bussy-sur-Moudon,218
Chavannes-sur-Moudon,210
Curtilles,310
Dompierre (VD),233
Hermenches,366
Lovatens,136
Lucens,"4,199"
Moudon,"6,067"
Ogens,295
Prévonloup,194
Rossenges,84
Syens,155
Villars-le-Comte,122
Vucherens,577
Montanaire,"2,719"
Arnex-sur-Nyon,230
Arzier-Le Muids,"2,807"
Bassins,"1,386"
Begnins,"1,931"
Bogis-Bossey,843
Borex,"1,128"
Chavannes-de-Bogis,"1,366"
Chavannes-des-Bois,966
Chéserex,"1,238"
Coinsins,493
Commugny,"2,930"
Coppet,"3,239"
Crans (VD),"2,286"
Crassier,"1,174"
Duillier,"1,089"
Eysins,"1,735"
Founex,"3,776"
Genolier,"1,997"
Gingins,"1,237"
Givrins,"1,024"
Gland,"13,181"
Grens,382
Mies,"2,118"
Nyon,"21,452"
Prangins,"4,085"
La Rippe,"1,140"
Saint-Cergue,"2,589"
Signy-Avenex,594
Tannay,"1,594"
Trélex,"1,434"
Le Vaud,"1,357"
Vich,"1,083"
L'Abergement,242
Agiez,355
Arnex-sur-Orbe,632
Ballaigues,"1,108"
Baulmes,"1,042"
Bavois,951
Bofflens,194
Bretonnières,270
Chavornay,"5,130"
Les Clées,185
Croy,402
Juriens,328
Lignerolle,436
Montcherand,505
Orbe,"7,018"
La Praz,165
Premier,215
Rances,504
Romainmôtier-Envy,533
Sergey,145
Valeyres-sous-Rances,619
Vallorbe,"3,835"
Vaulion,497
Vuiteboeuf,578
Corcelles-le-Jorat,457
Essertes,380
Maracon,538
Montpreveyres,657
Ropraz,488
Servion,"1,996"
Vulliens,614
Jorat-Menthue,"1,591"
Oron,"5,661"
Jorat-Mézières,"2,951"
Champtauroz,130
Chevroux,493
Corcelles-près-Payerne,"2,564"
Grandcour,952
Henniez,373
Missy,360
Payerne,"10,040"
Trey,285
Treytorrens (Payerne),111
Villarzel,451
Valbroye,"3,295"
Château-d'Oex,"3,456"
Rossinière,543
Rougemont,858
Allaman,451
Bursinel,473
Bursins,783
Burtigny,387
Dully,639
Essertines-sur-Rolle,725
Gilly,"1,369"
Luins,622
Mont-sur-Rolle,"2,686"
Perroy,"1,496"
Rolle,"6,249"
Tartegnin,230
Vinzel,355
L'Abbaye,"1,478"
Le Chenit,"4,642"
Le Lieu,900
Blonay,"6,150"
Chardonne,"3,026"
Corseaux,"2,285"
Corsier-sur-Vevey,"3,362"
Jongny,"1,543"
Montreux,"25,984"
Saint-Légier-La Chiésaz,"5,247"
La Tour-de-Peilz,"11,884"
Vevey,"19,824"
Veytaux,920
Belmont-sur-Yverdon,374
Bioley-Magnoux,229
Chamblon,539
Champvent,691
Chavannes-le-Chêne,311
Chêne-Pâquier,152
Cheseaux-Noréaz,725
Cronay,394
Cuarny,239
Démoret,157
Donneloye,824
Ependes (VD),356
Mathod,601
Molondin,239
Montagny-près-Yverdon,747
Oppens,203
Orges,332
Orzens,208
Pomy,793
Rovray,185
Suchy,645
Suscévaz,215
Treycovagnes,491
Ursins,225
Valeyres-sous-Montagny,709
Valeyres-sous-Ursins,227
Villars-Epeney,101
Vugelles-La Mothe,135
Yverdon-les-Bains,"30,156"
Yvonand,"3,432"
Brig-Glis,"13,079"
Eggerberg,338
Naters,"10,175"
Ried-Brig,"2,111"
Simplon,300
Termen,971
Zwischbergen,74
Ardon,"3,293"
Chamoson,"3,915"
Conthey,"8,837"
Nendaz,"6,737"
Vétroz,"6,398"
Bourg-Saint-Pierre,200
Liddes,711
Orsières,"3,172"
Sembrancher,"1,031"
Val de Bagnes,"10,185"
Bellwald,375
Binn,134
Ernen,492
Fiesch,891
Fieschertal,320
Lax,315
Obergoms,656
Goms,"1,184"
Ayent,"4,094"
Evolène,"1,669"
Hérémence,"1,421"
Saint-Martin (VS),838
Vex,"1,805"
Mont-Noble,"1,110"
Agarn,723
Albinen,240
Ergisch,179
Inden,108
Leuk,"3,932"
Leukerbad,"1,319"
Oberems,125
Salgesch,"1,540"
Varen,658
Guttet-Feschel,408
Gampel-Bratsch,"1,956"
Turtmann-Unterems,"1,100"
Bovernier,915
Fully,"8,731"
Isérables,832
Leytron,"3,222"
Martigny,"20,210"
Martigny-Combe,"2,292"
Riddes,"3,159"
Saillon,"2,687"
Saxon,"6,086"
Trient,165
Champéry,"1,338"
Collombey-Muraz,"9,467"
Monthey,"17,894"
Port-Valais,"4,201"
Saint-Gingolph,967
Troistorrents,"4,748"
Val-d'Illiez,"2,025"
Vionnaz,"2,732"
Vouvry,"4,257"
Bister,33
Bitsch,"1,002"
Grengiols,425
Riederalp,441
Ausserberg,633
Blatten,292
Bürchen,744
Eischoll,446
Ferden,250
Kippel,318
Niedergesteln,731
Raron,"1,945"
Unterbäch,437
Wiler (Lötschen),555
Mörel-Filet,695
Steg-Hohtenn,"1,603"
Bettmeralp,450
Collonges,826
Dorénaz,"1,007"
Evionnaz,"1,305"
Finhaut,372
Massongex,"1,818"
Saint-Maurice,"4,556"
Salvan,"1,416"
Vernayaz,"1,874"
Vérossaz,774
Chalais,"3,542"
Chippis,"1,588"
Grône,"2,447"
Icogne,593
Lens,"4,226"
Saint-Léonard,"2,428"
Sierre,"16,842"
Anniviers,"2,717"
Crans-Montana,"10,365"
Noble-Contrée,"4,512"
Arbaz,"1,302"
Grimisuat,"3,509"
Savièse,"7,814"
Sion,"34,710"
Veysonnaz,590
Baltschieder,"1,331"
Eisten,194
Embd,280
Grächen,"1,233"
Lalden,638
Randa,435
Saas-Almagell,363
Saas-Balen,335
Saas-Fee,"1,544"
Saas-Grund,986
St. Niklaus,"2,235"
Stalden (VS),"1,062"
Staldenried,537
Täsch,"1,314"
Törbel,488
Visp,"7,978"
Visperterminen,"1,337"
Zeneggen,290
Zermatt,"5,765"
Boudry,"6,237"
Cortaillod,"4,746"
Rochefort,"1,243"
Milvignes,"8,995"
La Grande Béroche,"8,795"
La Chaux-de-Fonds,"37,494"
Les Planchettes,212
La Sagne,"1,037"
La Brévine,622
Brot-Plamboz,284
Le Cerneux-Péquignot,312
La Chaux-du-Milieu,496
Le Locle,"11,132"
Les Ponts-de-Martel,"1,222"
Cornaux,"1,558"
Cressier (NE),"1,898"
Enges,266
Hauterive (NE),"2,652"
Le Landeron,"4,607"
Lignières,980
Neuchâtel,"44,588"
Saint-Blaise,"3,264"
La Tène,"5,083"
Val-de-Ruz,"17,017"
La Côte-aux-Fées,445
Les Verrières,644
Val-de-Travers,"10,667"
Aire-la-Ville,"1,169"
Anières,"2,387"
Avully,"1,712"
Avusy,"1,401"
Bardonnex,"2,277"
Bellevue,"3,380"
Bernex,"10,244"
Carouge (GE),"22,621"
Cartigny,986
Céligny,791
Chancy,"1,698"
Chêne-Bougeries,"12,504"
Chêne-Bourg,"8,674"
Choulex,"1,188"
Collex-Bossy,"1,709"
Collonge-Bellerive,"8,299"
Cologny,"5,598"
Confignon,"4,631"
Corsier (GE),"2,186"
Dardagny,"1,867"
Genève,"203,951"
Genthod,"2,840"
Le Grand-Saconnex,"12,275"
Gy,483
Hermance,"1,047"
Jussy,"1,241"
Laconnex,684
Lancy,"33,377"
Meinier,"2,116"
Meyrin,"25,745"
Onex,"19,058"
Perly-Certoux,"3,099"
Plan-les-Ouates,"10,620"
Pregny-Chambésy,"3,775"
Presinge,723
Puplinge,"2,468"
Russin,541
Satigny,"4,273"
Soral,955
Thônex,"14,182"
Troinex,"2,520"
Vandoeuvres,"2,577"
Vernier,"34,958"
Versoix,"13,411"
Veyrier,"11,887"
Boécourt,925
Bourrignon,261
Châtillon (JU),483
Courchapoix,437
Courrendlin,"3,552"
Courroux,"3,298"
Courtételle,"2,653"
Delémont,"12,566"
Develier,"1,381"
Ederswiler,119
Mervelier,523
Mettembert,105
Movelier,434
Pleigne,352
Rossemaison,674
Saulcy,269
Soyhières,431
Haute-Sorne,"7,071"
Val Terbi,"3,205"
Le Bémont (JU),322
Les Bois,"1,232"
Les Breuleux,"1,533"
La Chaux-des-Breuleux,99
Les Enfers,149
Les Genevez (JU),504
Lajoux (JU),672
Montfaucon,583
Muriaux,494
Le Noirmont,"1,883"
Saignelégier,"2,632"
Saint-Brais,221
Soubey,123
Alle,"1,902"
Beurnevésin,117
Boncourt,"1,217"
Bonfol,652
Bure,648
Coeuve,721
Cornol,"1,043"
Courchavon,303
Courgenay,"2,379"
Courtedoux,772
Damphreux,179
Fahy,349
Fontenais,"1,696"
Grandfontaine,388
Lugnez,182
Porrentruy,"6,563"
Vendlincourt,559
Basse-Allaine,"1,238"
Clos du Doubs,"1,263"
Haute-Ajoie,"1,085"
La Baroche,"1,142"